Distributor View=[Sourcing],Brand=[ALL],Search for ASINs or Keywords=[ALL],,,,
ASIN,Product Title,Parent ASIN,EAN,UPC,Binding,Model / Style Number
B07MKYKHGC,"Nuby Silicone Diaper Cream Brush with Suction Base, Aqua",B07N965BQB,0370797770029,370797770029,baby_product,77002
B07LCDHWDK,"Nuby Chamomile Soothing Tablets, Quick Dissolve, 140 Count",B07LCDHWDK,0370797231407,370797231407,health_and_beauty,23140
B07L9SQRLW,"Nuby 2 Piece 100% Silicone Cherry/Natural Shape Pacifiers, 6-12 Months",B07MPLCSZ3,0048526989294,048526989294,baby_product,5893MCS
B07L9QN75T,"Nuby 2 Piece 100% Silicone Natural Cherry Shape Pacifiers, 0-6 Months",B07MPLCSZ3,0048526058938,048526058938,baby_product,5893SCS
B07L9QJRV3,"Nuby 100% Silicone Orthodontic Pacifiers 2pk, 0-6 Months",B07MF5FQC9,0048526989300,048526989300,baby_product,5894MCS
B07L9LPQX8,"Nuby 2 Piece 100% Silicone Orthodontic Pacifiers, 6-12 Months",B07MF5FQC9,0048526058945,048526058945,baby_product,5894SCS
B003N9M6YI,Nuby Ice Gel Teether Keys,B07GSM4JWV,0048526006007,048526006007,baby_product,600
B002NKN9RG,"Nuby Pacifinder, Colors May Vary",B00UKIIVLM,0048526059997,048526059997,baby_product,5999
B002FCMDIS,"Nuby Brites Combo, Includes 2 Classic Oval Pacifiers and 1 Pacifinder, Colors May Vary",B00W4UTB72,0048526985357,048526985357,baby_product,5798LFS
B0027A5FUQ,"Nuby Paci-Cradle Pacifier Box, Colors May Vary",B00KC0KISC,7352925910616,048526059102,baby_product,5910
B07JZ7TZDC,"Nuby 100% Silicone Teether Ring with Silicone Beaded String and Clip for Carseat and Stroller, 3 Months +",B07KFSB4XC,0048526068227,048526068227,baby_product,6822
B07JZ7TYN3,"100% Silicone Teether Ring, 3 Months + Colors May Vary",B07KFP5JLW,0048526068234,048526068234,baby_product,6823
B07JYNQG7J,"100% Silicone Tuggy Teether Ball, 3 Months +, Colors May Vary",B07KFRZ1CF,0048526068364,048526068364,baby_product,6836
B07JZ1KVBJ,"Nuby 2-Pack No-Spill Cup with Flex Straw, 10 Ounce, Colors May Vary",B07JZ1KVBJ,0048526098866,048526098866,baby_product,9886
B07J5WPW5M,Nuby Nananubs Banana Massaging Toothbrush,B07J5WPW5M,0048526007820,048526007820,baby_product,782
B07J3GMPXR,"Nuby Two-Handle No-Spill Super Spout Grip N' Sip Cup, 8 Ounce, Colors May Vary",B07J3GMPXR,0048526100491,048526100491,baby_product,10049
B07H6FVHRN,"Nuby Gummy Gripz Silicone Soothing Teether, 3 Months+",B07H6FVHRN,0048526009909,048526009909,baby_product,990
B07H5Z51B5,"Nuby 3 Piece Gummy Gripz Silicone Soothing Teether, 3 Months +",B07H5Z51B5,0048526009930,048526009930,baby_product,993
B07GB61TDP,"Nuby 2-Pack Gum-EEZ Teethers, Colors May Vary",B07GB61TDP,0048526006137,048526006137,baby_product,613
B07G9ZM262,"Nuby Chewbies Silicone Teether, Colors May Vary",B07G9ZM262,0048526006427,048526006427,baby_product,642
B07G9XWXDX,"Nuby No-Spill Easy Grip Cup with Soft Flex Spout, 10 Ounce, Colors May Vary",B07G9XWXDX,0048526101290,048526101290,baby_product,10129
B07G9VM9B1,"Nuby No-Spill Cup with Dual-Flo Valve, 9 Ounce, Colors May Vary",B07G9VM9B1,0048526008841,048526008841,baby_product,884
B07G9N4V2G,"Nuby Easy Go Suction Bowl with Lid and Snap-in Spoon, Colors May Vary",B07G9N4V2G,0048526054190,048526054190,baby_product,5419
B07G9LXXM1,Nuby 4-Pack Hot Safe Feeding Spoons,B07G9LXXM1,0048526052783,048526052783,baby_product,5278
B07GBBW1VT,"Nuby Spin N' TeeThe Teether, Colors May Vary",B07GBBW1VT,0048526006649,048526006649,baby_product,649
B07GB4YLDK,"Nuby Garden Fresh Mash N' Feed Bowl with Spoon and Food Masher, Colors May Vary",B07GB4YLDK,0048526054350,048526054350,baby_product,5435
B07GB4TVLP,"Nuby Silicone TeeThe-EEZ Teether with Bristles, Includes Hygienic Case, Green",B07GB4TVLP,0048526927487,048526927487,baby_product,92748
B07GB21ZNY,"Nuby Insulated No-Spill Clik-It Cool Sipper, 9 Ounce, Colors May Vary",B07GB21ZNY,0048526100972,048526100972,baby_product,10097
B07G9XZNDK,"Nuby 2 Piece Gripper Free Flow Cup, 6 Month Plus, 10 Ounce",B07G9XZNDK,0048526102884,048526102884,baby_product,10288
B07G9XXXXM,"Nuby Squeeze N' Squeak Plush Toy, Characters May Vary",B07G9XXXXM,0048526006496,048526006496,baby_product,649
B07G9WKV9K,Nuby Teething Blankie - Characters May Vary,B07G9WKV9K,0048526066063,048526066063,baby_product,6606
B07G9W2T6Z,Nuby Ice Gel Teether Keys,B07G9W2T6Z,0048526006007,048526006007,baby_product,600
B07G9NBZNN,"Nuby Plush Pacifinder, Styles May Vary",B07G9NBZNN,0048526057818,048526057818,baby_product,5781
B07G9NBKV1,"Nuby 4-Stage Oral Care Set with 1 Silicone Finger Massager, 2 Massaging Brushes, 1 Nylon Bristle Toddler Tooth Brush, Green/Aqua",B07G9NBKV1,0048526007776,048526007776,baby_product,777
B07G9N4WF5,"Nuby Perfectly ICY Bite Keys Multi Surfaced Soothing Teether, Pink, 1 Pack",B07G9N4WF5,0048526005673,048526005673,baby_product,567
B07G9M3618,"Nuby 3 Step Soothing Teether Set, BPA Free - Colors May Vary.",B07G9M3618,0048526006632,048526006632,baby_product,632
B07F2MHJWL,"Nuby Wide Neck Bottle with Anti-Colic Air System, Multi",B07LC54YN6,0048526014798,048526014798,baby_product,1479
B07D7G7HXJ,"Nuby Reversible 3 Piece Teething Bib with Bonus Teething Toothbrush, Multi",B07D7G7HXJ,0039175801709,039175801709,baby_product,80170
B07D7BNZ3N,Nuby Reversible 3 Piece Teething Bib with Bonus Teething Toothbrush,B07D7BNZ3N,0039175801693,039175801693,baby_product,80169
B07CZDCZ7M,"Nuby 2-Handle Printed No-Spill Thin Flip-It W/360 Weighted Straw Cup, Flowers/Pink",B07D2NR43D,0039175803208,039175803208,baby_product,80320
B07CZ2N4HW,"Nuby 2-Handle Printed No-Spill Thin Flip-It W/360 Weighted Straw Cup, Penguin/Red",B07D2NR43D,0039175803239,039175803239,baby_product,80323
B07CYZLJP7,"Nuby 2-Handle Printed No-Spill Thin Flip-It W/360 Weighted Straw Cup, Hearts/Purple",B07D2NR43D,0039175803222,039175803222,baby_product,80322
B07CYZBF4Q,"Nuby 2-Handle Printed No-Spill Thin Flip-It W/360 Weighted Straw Cup, Raindrops/Grey",B07D2NR43D,0039175803215,039175803215,baby_product,80321
B07CG43BR5,"Nuby 2-Handle Printed No-Spill Tritan Thin Straw Flip n Sip Cup with 360 Weighted, Aqua Dinosaurs, 8 Ounce",B07CL753S6,0039175803109,039175803109,baby_product,80310
B07CG43BR3,"Nuby Thirsty Kids Push Button Flip-it Soft Spout on The Go Water Bottle with Easy Grip Band, Pink Rainbows, 12 Ounce",B07CL73867,0039175802591,039175802591,baby_product,80259
B07CCJZJ3B,"Nuby 2-Handle Printed No-Spill Tritan Thin Straw Flip n Sip Cup with 360 Weighted, Grey Bears, 8 Ounce",B07CL753S6,0039175803116,039175803116,baby_product,80311
B07CCJ6Y1V,"Nuby Thirsty Kids Flip-it Thin Straw Active On The Go Water Bottle with Push Cap and Carry Handle, Aqua Flamingo, 12 Ounce",B07CJRPGM1,0039175802621,039175802621,baby_product,80262
B07C668GNK,"Nuby Thirsty Kids Push Button Flip-it Soft Spout on The Go Water Bottle with Easy Grip Band, Green Cactus, 12 Ounce",B07CL73867,0039175802607,039175802607,baby_product,80260
B07C64P2YX,"Nuby Thirsty Kids Flip-it Freestyle On The Go Water Bottle with Bite Resistant Hard Straw Cup and Easy Grip Band, Pink Donuts, 12 Ounce",B07CJHC3Z5,0039175802652,039175802652,baby_product,80265
B07C64NZQL,"Nuby Thirsty Kids Flip-it Freestyle On The Go Water Bottle with Bite Resistant Hard Straw and Easy Grip Band, Green Banana Leaves, 12 Ounce",B07C64NZQL,0039175802669,039175802669,baby_product,80266
B07C64NZQC,"Nuby Thirsty Kids Push Button Flip-it Soft Spout on The Go Water Bottle with Easy Grip Band, Blue Sharks, 12 Ounce",B07CL73867,0039175802584,039175802584,baby_product,80258
B07C64GSYV,"Nuby 2-Handle Printed No-Spill Tritan Thin Straw Flip n Sip Cup with 360 Weighted, Lime Green Birds, 8 Ounce",B07CL753S6,0039175803093,039175803093,baby_product,80309
B07C61JB3H,"Nuby Thirsty Kids Flip-it Thin Straw Active On The Go Water Bottle with Push Cap and Carry Handle, Green Triangle, 12 Ounce",B07CJRPGM1,0039175802638,039175802638,baby_product,80263
B07C61JB3B,"Nuby Thirsty Kids Flip-it Thin Straw Active On The Go Water Bottle with Push Cap and Carry Handle, Gray Bear, 12 Ounce",B07CJRPGM1,0039175802614,039175802614,baby_product,80261
B07C61HXTY,"Nuby Thirsty Kids Flip-it Freestyle On The Go Water Bottle with Bite Resistant Hard Straw Cup and Easy Grip Band, Blue Cars, 12 Ounce",B07CJHC3Z5,0039175802645,039175802645,baby_product,80264
B07CCVFM5M,"Nuby Sure Grip Elephant Silicone Placemat, Grey",B07D3WDZDY,0039175802973,039175802973,baby_product,80297
B07CCVFM48,"Nuby 100 Piece Disposable Diaper Sacks/Bags with Powder Scent, Blue",B07CCVFM48,0048526070602,048526070602,baby_product,7060
B07CCTZDBZ,"Nuby 2 Piece Reversible 100% Natural Cotton Muslin Teething Bib, Triangles/Arrows, Grey",B07BXH9W95,0039175803079,039175803079,baby_product,80307
B07C98TNVQ,Nuby Tritan No Spill Flip N' Sip Twin Handle Printed Cup with 360 Weighted Straw,B07C98TNVQ,0048526104482,048526104482,baby_product,10448
B07C98TFXZ,"Nuby 2 Piece Reversible 100% Natural Cotton Muslin Teething Bib, Flamingo/Flowers, Pink/Green",B07BXH9W95,0039175803062,039175803062,baby_product,80306
B07C98TFXQ,Nuby Tritan No Spill 2 Handle 360 Degree Printed Wonder Cup,B07C98TFXQ,0048526105007,048526105007,baby_product,10500
B07C98SHZC,"Nuby Sure Grip Monkey Silicone Placemat, Blue",B07D3VW1RW,0039175802515,039175802515,baby_product,80251
B07C98SHZB,"Nuby Sure Grip Monkey Silicone Placemat, Aqua",B07D3VW1RW,0039175802980,039175802980,baby_product,80298
B07BQ1F9N4,"Nuby 2 Piece No Spill Easy Grip Trainer Cup 10 oz, Blue/Red",B07BXHW4GF,0039175803161,039175803161,baby_product,80316
B07BQ1F63S,"Nuby 2 Piece Reversible 100% Natural Cotton Muslin Teething Bib, Dinosaurs/Bears, Green/Grey",B07BXH9W95,0039175803086,039175803086,baby_product,80308
B07BPXK8DM,"Nuby Sure Grip Elephant Silicone Placemat, Aqua",B07D3WDZDY,0039175802522,039175802522,baby_product,80252
B07BPXGQB1,"Nuby Sure Grip Monkey Silicone Placemat, Red",B07D3VW1RW,0039175802454,039175802454,baby_product,80245
B07BPXG7BN,"Nuby Sure Grip Elephant Silicone Placemat, Green",B07D3WDZDY,0039175802966,039175802966,baby_product,80296
B07BPXG7B4,"Nuby 2 Piece No Spill Easy Grip Trainer Cup 10 oz, Pink/Purple",B07BXHW4GF,0039175803178,039175803178,baby_product,80317
B07BPXCMR6,Nuby Tritan No Spill 360 Degree Printed Wonder Cup,B07BCNFH68,0048526105014,048526105014,baby_product,10501
B06XTQ4FNN,Nuby Ice Gel Teether Keys,B07GSM4JWV,0048526005673,048526005673,baby_product,567
B078K9F7RL,"Nuby Reversible 100% Natural Cotton Muslin 3 Piece Teething Bib, Grey/Red/Blue, Arrows/Red Stripes/Elephants",B07B69PX54,0048526930203,048526930203,baby_product,93020
B078K7TKJP,Nuby Reversible 100% Natural Cotton Muslin 2 Piece Teething Bib (Colors/Prints May Vary),B078K7TKJP,0048526043248,048526043248,baby_product,4324
B078K7398B,"Nuby Reversible 100% Natural Cotton Muslin 3 Piece Teething Bib, Green/Grey/Blue, Dinosaur/Bear/Stripes",B07B69PX54,0048526930197,048526930197,baby_product,93019
B078K73989,"Nuby Reversible 100% Natural Cotton Muslin 3 Piece Teething Bib, Pink/Aqua/Purple, Flower/Butterfly/Stripes",B07B69PX54,0048526930210,048526930210,baby_product,93021
B078J6H981,"Nuby Reversible 2 Piece Teething Bib, Grey, Red Apple",B07B4DZ8M7,0048526930180,048526930180,baby_product,93018
B078J64YXN,"Nuby Reversible 2 Piece Teething Bib, Fire Engine, Blue Helicopter",B07B4DZ8M7,0048526930166,048526930166,baby_product,93016
B078J5ZVBP,"Nuby Silicone Teether & Pacifier Holder Combo Pack, Aqua Elephant, 0M+",B07CZZK3C1,0039175802560,039175802560,baby_product,80256
B078J5QRW9,"Nuby Silicone Teether & Pacifier Holder Combo Pack, Purple Bird, 0M+",B07CZZK3C1,0039175802553,039175802553,baby_product,80255
B078J3ZXBF,"Nuby Silicone Teether & Pacifier Holder Combo Pack, Blue Dinosaur, 0M+",B07CZZK3C1,0039175802577,039175802577,baby_product,80257
B078J39DYR,"Nuby Orthodontic 3 Piece Pacifiers with Massaging Nubs, 0-6M",B078J39DYR,0048526057849,048526057849,baby_product,5784SOSN
B078J3515P,"Nuby Reversible 2 Piece Teething Bib, Pink Flower, Aqua Butterfly",B07B4DZ8M7,0048526930173,048526930173,baby_product,93017
B078J3515N,"Nuby Orthodontic 3 Piece Pacifiers Set, 0-6 M",B078J3515N,0048526926282,048526926282,baby_product,92628
B00N8AVTYU,"Nuby Orthodontic 3 Piece Pacifiers with Soothing Soft Bristles, Colors May Vary",B00N8AVTYU,0048526057825,048526057825,baby_product,5782SOSM
B077HR9YFG,"Nuby All Natural Teething Gel with Bonus Gum-eez Teether, 0.53 Ounce",B077HR9YFG,UNKNOWN,UNKNOWN,baby_product,23016-1
B077HWQQYF,"Nuby Chamomile Soothing Tablets, Quick Dissolve, 140 Count",B077HWQQYF,0370797231407,370797231407,health_and_beauty,23140
B077HS5PX9,"Nuby All Natural Teething Gel, Fast Acting Oral Pain Reliever, 0.53 Ounce",B077HS5PX9,0370797250361,370797250361,baby_product,23036
B077HRZBZW,"Nuby Natural Soothing Gel for Sore Gums with Bonus Silicone Massaging Toothbrush, 0.53 Ounce, Benzocaine Free, Belladonna Free",B07D8D1RVY,0370797240171,370797240171,baby_product,23017
B0769T14XB,"Nuby 4 Piece No-Spill Snack Set, Green/Blue",B0769T14XB,0048526929115,048526929115,baby_product,92911
B0769SZQXL,"Nuby 3 Piece Designer Series Snack Keeper, Red/Yellow/Blue",B00AWMQQA4,0039175801716,039175801716,baby_product,80171
B0769SFGKW,"Nuby On-The-Go 3-D Silicone Feeding Bib, Blue Sheriff",B077HM8M3W,0039175802706,039175802706,baby_product,80270
B0769SBCWN,"Nuby 4 Piece No-Spill Snack Set, Pink/Green",B0769SBCWN,0048526929122,048526929122,baby_product,92912
B0769P2QJL,"Nuby 4 Piece 360 Printed Twin Handle Wonder Cup, Red/Blue/Green",B077HH7D1D,0048526929214,048526929214,baby_product,92921
B0769P2QJJ,"Nuby 3 Piece Grip N' Sip Cup, Blue/Yellow/Red",B077HK99Y3,0039175801563,039175801563,baby_product,80156
B0769N61TN,"Nuby 3 Piece Easy Grip Cup, Pink/Purple/Aqua",B0769N61TN,0039175802959,039175802959,baby_product,80295
B0769N61TM,"Nuby 3 Piece Designer Series Snack Keeper, Pink/Orange/Aqua",B00AWMQQA4,0039175801723,039175801723,baby_product,80172
B0769N43Q2,"Nuby 3 Piece Easy Grip Cup, Blue/Green/Aqua",B0769N43Q2,0048526103676,048526103676,baby_product,10367
B0769N24Y9,"Nuby 3 Piece Grip N' Sip Cup, Pink/Red/Aqua",B077HK99Y3,0039175801570,039175801570,baby_product,80157
B0769MGV5J,"Nuby On-The-Go 3-D Silicone Feeding Bib, Blue Bow Tie",B077HM8M3W,0039175802713,039175802713,baby_product,80271
B0769M8CT9,"Nuby 4 Piece 360 Printed Twin Handle Wonder Cup, Purple/Green/Pink",B077HH7D1D,0048526929221,048526929221,baby_product,92922
B0769M14X2,"Nuby On-The-Go 3-D Silicone Feeding Bib, Purple Flower Dress",B077HM8M3W,0039175802737,039175802737,baby_product,80273
B0769M14X1,"Nuby On-The-Go 3-D Silicone Feeding Bib, Pink Necklace",B077HM8M3W,0039175802720,039175802720,baby_product,80272
B072J4D27K,"Nuby 6 Piece Long Handle Weaning Spoons, Assorted",B072J4D27K,0048526055753,048526055753,baby_product,5575
B072J4CVB7,"Nuby Build a Buddy Plush Stacking Toy, Lion",B073ZV7PX9,0048526929375,048526929375,baby_product,92937
B072J4CSHT,"Nuby Ollie Activity Plush Toy, Octopus",B073ZQMGPZ,0048526929405,048526929405,baby_product,92940
B072J4CSHP,Nuby 1pk No Spill 360 Insulated Wonder Cup - Colors May Vary,B072J4CSHP,0048526103843,048526103843,baby_product,10384
B072BY46DJ,"Nuby Elefuntastic Plush Activity Toy, Elephant",B073ZR32RY,0048526929412,048526929412,baby_product,92941
B072BY42P5,Nuby Squeak Rattle N' Roll Plush Interactive Toy,B072BY42P5,0048526929429,048526929429,baby_product,92942
B07235NFD6,Nuby 1pk No Spill 2-Handle 360 Degree Wonder Cup - Colors May Vary,B07GRLC8DZ,0048526103782,048526103782,baby_product,10378
B071VV4CP2,"Nuby Sure Grip Miracle Mat Section Plate, Coral Bear",B072FNTGGK,0039175800887,039175800887,baby_product,80088
B071VV47JF,Nuby 1pk No Spill 360 Degree Wonder Cup - Colors May Vary,B07GRDZZSH,0048526103799,048526103799,baby_product,10379
B071S8PPKN,"Nuby  Soothing Teething Mitten with Hygienic Travel Bag, Pink",B07NPWLCKL,0039175801754,039175801754,baby_product,80175
B071P3BB4X,Nuby EZ Squee-Z Silicone Self Feeding Baby Food Dispenser - Colors May Vary,B07GJB2FSV,0048526055777,048526055777,baby_product,5577
B071LHMZ59,Nuby 2pk No Spill 360 Degree Printed Wonder Cup - Colors May Vary,B0719Q3VWX,0048526103812,048526103812,baby_product,10381
B0714DS82F,Nuby 1pk No Spill 2-Handle 360 Degree Printed Wonder Cup - Colors May Vary,B07736CQZC,0048526103645,048526103645,baby_product,10364
B0714DS82C,"Nuby Sure Grip Miracle Mat Section Plate, Blue Bear",B072FNTGGK,0039175800870,039175800870,baby_product,80087
B0714DS829,"Nuby  Soothing Teething Mitten with Hygienic Travel Bag, Grey",B07NPWLCKL,0039175801686,039175801686,baby_product,80168
B0714DS7VR,Nuby 1pk No Spill 360 Degree Printed Wonder Cup - Colors May Vary,B0719Q3VWX,0048526103638,048526103638,baby_product,10363
B0714DS7VN,"Nuby  Soothing Teething Mitten with Hygienic Travel Bag, Blue Penguins",B07NPWLCKL,0039175801679,039175801679,baby_product,80167
B0714DS7VL,"Nuby Soothing Teething Mitten with Hygienic Travel Bag, Red",B07NPWLCKL,0039175801662,039175801662,baby_product,80166
B00A9X7YRK,Nuby Teethe and Play Teething Set,B00A9X7YRK,0048526065882,048526065882,baby_product,6588
B06XTK6HPX,Nuby 2 in 1 Bottle and Nipple Brush with Stand 1pk - Colors May Vary,B06XTK6HPX,0048526055548,048526055548,baby_product,5554
B06XTJ99LT,"Nuby Chewy Charms 100% Soft Girls/Butterfly and Flower Silicone Teether, Purple/Pink/Yellow",B073XQJWQM,0039175801235,039175801235,baby_product,80123
B06XTGR56M,"Nuby Chewy Charms Boy/Train and Key Silicone Teether, Blue/Red/Green",B06XTGR56M,0039175801242,039175801242,baby_product,80124
B06XTGFR4M,"Nuby Chewy Charms Neutral/Star and Triangle Silicone Teether, Teal/Green/Yellow",B06XTGFR4M,0039175801259,039175801259,baby_product,80125
B06XK9WJMB,Nuby 1pk Twist N' Sip No Spill Straw Cup - Colors May Vary,B07F941BT9,0048526103713,048526103713,baby_product,10371
B06XJX4RJ1,Nuby 1pk Snack N' Sip 2 in 1 Snack and Drink Cup - Colors May Vary,B073XBW3XX,0048526103737,048526103737,baby_product,10373
B00NL5ARRW,"Nuby 4-Stage Oral Care Set with 1 Silicone Finger Massager, 2 Massaging Brushes, 1 Nylon Bristle Toddler Tooth Brush, Green/Aqua",B01MQYHCDP,0885448731798,048526007776,baby_product,777
B01BFM5MKY,"Nuby 6 Piece Printed Feeding Bowls with Lids Wash or Toss Bowl, Assorted",B01BFLXBTY,0048526940455,048526940455,baby_product,94045
B01BD2WUZ6,"Nuby 5 Piece Printed Straw Cup Free Flow Wash or Toss Cups, Assorted",B01BD2WUZ6,0048526940516,048526940516,baby_product,94051
B01BD2IXVQ,"Nuby 6 Piece Twin Handle Trainer Cup Free Flow Wash or Toss, Assorted",B01BD2IXVQ,0048526940486,048526940486,baby_product,94048
B01BD203BE,"Nuby 5 Piece Printed Cup with Spout Free Flow Wash or Toss, Assorted",B01BD203BE,0048526940509,048526940509,baby_product,94050
B0181RHTQQ,Nuby One-Touch 2-in-1 Electric Baby Bottle Warmer & Sterilizer,B0181RHTQQ,0048526015641,048526015641,baby_product,1564
B00U2PNI7U,"Nuby 3 Step Soothing Teether Set, BPA Free - Colors may vary.",B01M9FLSWK,0048526006632,048526006632,baby_product,663
B01LXUHDFW,Nuby 24 Piece Toddler Feeding Wash or Toss Set,B01LXUHDFW,0048526927852,048526927852,baby_product,92785
B01M0WB6UE,"Nuby Bug-A-Loop Teether, Colors May Vary",B01M0WB6UE,0048526004782,048526004782,baby_product,478
B01M0KGU2K,"Nuby Two-Handle iMonster No-Spill Super Spout Cup, 7 Ounce",B01M0KGU2K,0048526220403,048526220403,baby_product,22040
B01LYMA7R9,Nuby Fruity Chews Ring Teether (Colors May Vary),B01LYMA7R9,0048526006700,048526006700,baby_product,670
B01LWNWFSB,"Nuby Non-Drip 3-Stage Wide Neck Bottle to Cup, 8 Ounce, Colors May Vary",B01LWNWFSB,0048526011070,048526011070,baby_product,1107
B01LZGXQDD,Nuby Teething Trends Round Beads Teething Necklace - Light Pink,B01M09SX5V,0048526928484,048526928484,baby_product,92848
B01LZGWUKY,"Nuby 1-Pack Designer Series No Spill Flip N' Sip Twin Handle Cup with Weighted Straw, 9 oz - Colors May Vary",B01N7BTF6E,0048526103249,048526103249,baby_product,10324
B01LZ5ABEB,Nuby Teething Trends Hanging Pendant Teething Necklace - Aqua,B01LX0LUQ7,0048526928514,048526928514,baby_product,92851
B01LZ57EP9,Nuby Teething Trends Round Beads Teething Necklace - Aqua,B01M09SX5V,0048526928477,048526928477,baby_product,92847
B01LYTJ441,Nuby Teething Trends Round Beads Teething Necklace - Gray,B01M09SX5V,0048526928460,048526928460,baby_product,92846
B01LYTHCJG,Nuby Teething Trends Hanging Pendant Teething Necklace Purple,B01LX0LUQ7,0048526928521,048526928521,baby_product,92852
B01LYHUS4J,Nuby 28 Piece Toddler Feeding Wash or Toss Picnic Set with Reusable Bag,B01LYHUS4J,0048526940615,048526940615,baby_product,94061
B01LYHUOHI,"Nuby, Breathe-eez Infant Nasal Aspirator with Travel Case",B01LYHUOHI,0048526007813,048526007813,baby_product,781
B01LYHTATF,Nuby Nananubs Banana Massaging Toothbrush,B07GH7N7P6,0048526007820,048526007820,baby_product,782
B01LXUJABG,"Nuby Teething Trends Oval Beads Necklace, Gray",B01LYBF8UF,0048526928491,048526928491,baby_product,92849
B01LXITKKA,"Nuby Teething Trends Oval Beads Necklace, Navy",B01LYBF8UF,0048526928507,048526928507,baby_product,92850
B01J88ASD8,"Nuby 2 Piece Designer Series No-Spill Clik-It Grip n' Sip Soft Flex Spout Cups, 9 oz.",B01J88ASD8,0048526103089,048526103089,baby_product,10308
B01J88AS2O,Nuby 2-Pack Comfy Gums Silicone Teether,B01J88AS2O,0048526005710,048526005710,baby_product,571
B01J88ARXE,"Nuby Natural Flex Cherry Pacifier with Snoozie Combo Set, Giraffe, 0-6 Months",B01JRVZKKM,0048526928156,048526928156,baby_product,92815
B01J88ARWA,"Nuby 1-Pack Designer Series No-Spill Clik-It Grip n' Sip Soft Flex Spout Cup, 9 Ounce - Colors May Vary",B01NBDOC1Q,0048526103058,048526103058,baby_product,10305
B01J88ARMU,"Nuby Natural Flex Cherry Pacifier with Snoozie Combo Set, Monkey, 0-6 Months",B01JRVZKKM,0048526928149,048526928149,baby_product,92814
B01J88AJNW,"Nuby 2 Piece Bibs with Dribble Catcher and Teething Corner, Pink and Aqua",B01JRVZ4ZS,0048526928989,048526928989,baby_product,92898
B01J88AHP2,"Nuby 2 Piece Bibs with Dribble Catcher and Teething Corner, Blue and Green",B01JRVZ4ZS,0048526928972,048526928972,baby_product,92897
B01J88AH3O,"Nuby 2 Piece Bibs with Dribble Catcher and Teething Corner, Red and Yellow",B01JRVZ4ZS,0048526928996,048526928996,baby_product,92899
B01J62LP7O,Nuby Wacky Teething Ring,B01J62LP7O,0048526006328,048526006328,baby_product,632
B01J62LMW2,Nuby IcyBite Soother Ring Teether,B01J62LMW2,0048526006014,048526006014,baby_product,601
B01J62LK3I,"Nuby Silicone Teethe-eez Teether with Bristles, Includes Hygienic Case, Blue",B01J62LK3I,0048526925643,048526925643,baby_product,92564
B01J62LHUY,"Nuby Silicone Teethe-eez Teether with Bristles, Includes Hygienic Case, Aqua",B01J62LHUY,0048526925650,048526925650,baby_product,92565
B01J62LGEG,Nuby Two-Handle Flip N' Sip Straw Cup,B01J62LGEG,0048526098453,048526098453,baby_product,9845
B01J62LE6G,Nuby 3-D Monster Snack Keeper,B01J62LE6G,0048526220007,048526220007,baby_product,22000
B01J62LC3Q,"Nuby Spoons and Forks, 4 Count",B01J62LC3Q,0048526052516,048526052516,baby_product,5251
B01J62L9M0,"Nuby No-Spill Super Spout Grip N' Sip Cup, Red and Blue, 2 Count",B01J62L9M0,0048526925445,048526925445,baby_product,92544
B01J62L7RC,"Nuby Oral Massager and Toothbrush, 2 Count",B01J62L7RC,0048526007585,048526007585,baby_product,758
B01J62L69Q,"Nuby Silicone Teethe-eez Teether with Bristles Includes Hygienic Case, Pink",B01J62L69Q,0048526925636,048526925636,baby_product,92563
B01J62L3IK,Nuby Garden Fresh Fruitsicle Frozen Pop Tray,B01J62L3IK,0048526054381,048526054381,baby_product,5438
B01J62L1R8,Nuby Icybite Hard/Soft Teething Keys,B01J62L1R8,UNKNOWN,UNKNOWN,baby_product,UNKNOWN
B010Y6D7UO,Nuby 4 Stage Oral Care Set System (Colors May Vary),B01MQYHCDP,0048526007578,048526007578,baby_product,757
B002GQEOVC,Nuby 6 Piece Feeding Spoons,B002GQEOVC,0048526053780,048526053780,baby_product,5378
B01G4QKAQW,"Nuby Designer Series Printed Snack Keeper, Pink/Aqua, 2 Count",B01GHLUGTA,0048526928552,048526928552,baby_product,92855
B01G36BLSY,"Nuby Sure Grip Miracle Mat Section Plate, Pink",B01GHLUR9Y,0048526928231,048526928231,baby_product,92823
B01G36BLCK,"Nuby Sure Grip Miracle Mat Section Plate, Blue",B01GHLUR9Y,0048526928224,048526928224,baby_product,92822
B01G36BJ2M,"Nuby SoftFlex Silicone Spoon, 2 Count",B01IC7U9F8,0048526054916,048526054916,baby_product,5491
B01G36BIMS,"Nuby Designer Series Printed Snack Keeper, Green/Orange, 2 Count",B01GHLUGTA,0048526928538,048526928538,baby_product,92853
B01G36BI8W,"Nuby Designer Series Printed Snack Keeper, Blue/Red, 2 Count",B01GHLUGTA,0048526928545,048526928545,baby_product,92854
B01G36BHZQ,"Nuby Sure Grip 100% Silicone Section Plate, Aqua",B01GHLUR9Y,0048526928958,048526928958,baby_product,92895
B01G36BHTM,"Nuby Keepeez Adjustable Bottle/Cup Strap, Pink",B01GHLULUY,0048526928170,048526928170,baby_product,92817
B01G36BHR4,"Nuby Keepeez Adjustable Bottle/Cup Strap, Blue",B01GHLULUY,0048526928163,048526928163,baby_product,92816
B01G36BH7Y,"Nuby Keepeez Adjustable Bottle/Cup Strap, Red",B01GHLULUY,0048526928187,048526928187,baby_product,92818
B01EIF9S1O,Nûby 2 pk Teething Bib - Dribble Catcher with Teething Corner (Colors/Theme may vary),B01JRVZ4ZS,0048526043026,048526043026,baby_product,4302
B01EIF9RMO,Nuby 4 Stackable Feeding Bowls with Locking Lids and Spoon,B01EIF9RMO,0048526054787,048526054787,baby_product,5478
B01EIF9RJM,Nuby 4 Piece Wash or Toss Stackable Section Feeding Plates,B01EIF9RJM,0048526940257,048526940257,baby_product,94025
B01EIF9RHY,"Nuby 2 Piece Natural Flex Silicone Oscillating Cherry Pacifier, 0-6 Months (Colors may vary)",B01F732PKC,0048526058228,048526058228,baby_product,5822SACS
B01EIF9RE2,Nuby 16 Piece Wash or Toss Toddler Feeding Fork and Spoon Set,B01EIF9RE2,0048526912032,048526912032,baby_product,91203
B01EIF9POY,"Nuby 2 Piece Natural Flex Silicone Oscillating Cherry Pacifier, 6-12 Months",B01F732PKC,0048526988440,048526988440,baby_product,5822MACS
B00E2I754U,Nuby 6 Piece Fun Feeding Spoons,B00E2I754U,0048526053827,048526053827,baby_product,5382
B01CGI7Z9C,Nuby Teething Blankie - Characters May Vary,B01IO6UTZC,0048526066063,048526066063,baby_product,6606
B015VSJWCC,"Nuby Hippo Spout Guard, Aqua. OPENING DIAMETER MEASURES 2.25 INCHES",B015VSJWCC,0048526062355,048526062355,baby_product,6235
B008CDR7LW,"Nuby Octopus Hoopla Bathtime Fun Toys, Purple",B008CDR7LW,0048526061440,048526061440,baby_product,6144
B01ABP1B92,Nuby No-Spill Cup with Flexi Straw,B01ABP1B92,0048526098866,048526098866,baby_product,9886
B017UIRC5A,"Nuby Garden Fresh Mash N' Feed Bowl with Spoon and Food Masher, Teal/Green",B017UIRC5A,0048526927562,048526927562,baby_product,92756
B017OX8Z8E,"Nuby Silicone Teethe-eez Teether with Bristles, Includes Hygienic Case, Green",B07G4GTT5V,0048526927487,048526927487,baby_product,92748
B017COSH4W,"Nuby Silicone Gum Massager, Colors May Vary",B018J2GBQC,0048526007608,048526007608,baby_product,760
B013FWA9DM,Nuby 5-Pack Stacking Bath Boats,B013FWA9DM,0048526062041,048526062041,baby_product,6204
B010UMYDC8,"Nuby Fruity Chews Straight Handle Teether, Styles May Vary",B07CQ6GTFS,0048526006724,048526006724,baby_product,672
B00ZTOB4NO,"Nuby 2-Pack Kool Soother Water-Filled Teethers, Styles May Vary",B07CQXZHWZ,0048526005406,048526005406,baby_product,540
B00ZTOAW4Q,Nuby 3-Pack Fun Fish Squirter Bath Toys,B00ZTOAW4Q,0048526001309,048526001309,baby_product,130
B014VXO6QU,"Nuby 2-Pack Designer Series No-Spill Clik-It Cups with Spout, 10 Ounce, Colors May Vary",B018KKOS18,0048526102440,048526102440,baby_product,10244
B014VXOAY8,"Nuby 2-Pack Designer Series No-Spill Clik-It Cup with Flex Straw, 10 Ounce, Colors May Vary",B018KIYXXI,0048526102457,048526102457,baby_product,10245
B00PTXHZPG,"Nuby Garden Fresh Steam N' Mash & Pop Up Freezer Pots Set, Colors May Vary",B00PTXHZPG,0048526926305,048526926305,baby_product,92630
B00PTSIQEA,"Nuby Garden Fresh Mash N' Feed and Squeeze Feeder Set, Colors May Vary",B00PTSIQEA,0048526926299,048526926299,baby_product,92629
B00B5G1RFU,"Nuby 4-Piece Meal Time Set, Colors May Vary",B00B5G1RFU,0048526056200,048526056200,baby_product,5620
B015YYRADG,"Nuby Bathtime Fun Octopus Hoopla, Purple",B015YYRADG,0048526061440,048526061440,baby_product,6144
B015YYR6LW,Nuby Splash 'N Catch Bath Time Fishing Set,B015YYR6LW,0048526061426,048526061426,baby_product,6142
B015YYR2NO,"Nuby 16 Piece Bath Tub Foam, Animal Characters",B015YYR2NO,0048526061532,048526061532,baby_product,6153
B015YYQY42,Nuby Splish Splash Bath Time Stacking Cups,B015YYQY42,0048526061525,048526061525,baby_product,6152
B015YYQTT2,"Nuby Hot Safe Feeding Spoons, 4 Count",B015YYQTT2,0048526052783,048526052783,baby_product,5278
B015VSJWH2,Nuby 15-Piece Fun Bath Links Toy,B015VSJWH2,0048526062201,048526062201,baby_product,6220
B0156G0BII,Nuby Stack O' Rings Toy,B0156G0BII,0048526062089,048526062089,baby_product,6208
B014VXOB24,"Nuby Free Flow Easy Grip Cup, 10 Ounce, Colors May Vary",B014VXOB24,0048526102853,048526102853,baby_product,10285
B014VXOAZ2,"Nuby 2 Piece Gripper Free Flow Cup, 6 Month Plus, 10 Ounce",B014VXOAZ2,0048526102884,048526102884,baby_product,10288
B014VXO6LU,"Nuby Little Submarine Pull String Bath Toy, Colors May Vary",B07CBCDPF1,0048526062003,048526062003,baby_product,6200
B014VXO5VQ,"Nuby Two-Handle Grip N' Sip with Free Flow Spout, 8 Ounce, Colors May Vary",B014VXO5VQ,0048526102860,048526102860,baby_product,10286
B014VXO5P2,"Nuby 2-Pack ZooLoops Teethers, Colors May Vary",B014VXO5P2,0048526006816,048526006816,baby_product,681
B014VXO5MK,"Nuby Plush Animal Chimes, 3 Month Plus",B014VXO5MK,0048526061853,048526061853,baby_product,6185
B00LNBGR4I,"Nuby Squeeze N' Squeak Plush Toy, Characters May Vary",B07BSKB6TB,0048526006496,048526006496,baby_product,649
B00JU979OW,"Nuby Plush Pacifinder, Styles May Vary",B078MTRXTK,0048526057818,048526057818,baby_product,5781
B00FE8C4G6,"Nuby Non-Drip 3-Stage Wide Neck Bottle to Cup, 8 Ounce, Colors May Vary",B01BEJ5XI4,0048526011070,048526011070,baby_product,1107
B013FWARZC,"Nuby 10-Pack Little Squirts Fun Bath Toys, Assorted Characters",B07J9T3M6J,0048526061471,048526061471,baby_product,6147
B013FWAIK6,"Nuby Easy Teethe Teether, Characters May Vary",B07BMJRF81,0048526005420,048526005420,baby_product,542
B013FWAIHO,Nuby 3-Pack Dolphin Dippers Bath Scoops,B013FWAIHO,0048526061976,048526061976,baby_product,6197
B013FWAI2O,"Nuby Easy Go Suction Bowl with Lid and Spoon, Green",B013RENT1W,0048526927289,048526927289,baby_product,92728
B013FWAI0Q,"Nuby 2-Pack Pop-Up Sipper Cup with Spout and Cover, 12 Ounce, Colors May Vary",B01BH72TQM,0655257852416,048526012527,baby_product,1252
B013FWAHUC,Nuby Farm Animals Soothe-A-Loop Teether,B07BNZ9HVH,0048526005499,048526005499,baby_product,549
B013FWAGOO,"Nuby 2-Pack Tub Tugs Floating Boat Bath Toys, Colors May Vary",B074NBVBTM,0048526061990,048526061990,baby_product,6199
B013FWAGMQ,Nuby Hot-Safe Bath Duck,B0757H21ZY,0048526061969,048526061969,baby_product,6196
B013FWA5BS,"Nuby 2-Stage Busy Sipper Cup with No-Spill Silicone Spout and Free-Flow Pop-Up, 12 Ounce,Assorted( Colors/Designs May Vary)",B01BFJJCGW,0048526102297,048526102297,baby_product,10229
B013FWA572,"Nuby Easy Go Suction Bowl with Lid and Spoon, Pink",B013RENT1W,0048526927272,048526927272,baby_product,92727
B013FWA4FK,"Nuby Easy Go Suction Bowl with Lid and Spoon, Blue",B013FWA4FK,0048526927265,048526927265,baby_product,92726
B010UMYO3G,"Nuby No-Spill Flip N' Sip Clik-It Cup with 360 Straw,8 Ounce, Colors May Vary",B01BFI7CF6,0048526102303,048526102303,baby_product,10230
B002KMK1Y6,"Nuby Plush Teething Blankie, Characters May Vary",B07BR3QH16,0048526065684,048526065684,baby_product,6568
B010UMYCEC,"Nuby Diaper Bags, 200 Pack",B07KMVVSKR,0048526070473,048526070473,baby_product,7047
B010UMYBW0,"Nuby 2-Pack No-Spill Clik-It Flip N' Sip Cup with 360 Straw, 8 Ounce, Colors May Vary",B01BD3WG7W,0048526102426,048526102426,baby_product,10242
B010UMYBTS,Nuby 5-Pack Easy Clean Bath Time Crayons,B017VGUS2U,0048526061563,048526061563,baby_product,6156
B00S2V3YKM,"Nuby Fruity Chews Ring Teether, Colors May Vary",B00S2V3YKM,0048526006700,048526006700,baby_product,670
B009Z1II3Q,Nuby 4 Piece Infant Mealtime Set,B009Z1II3Q,0048526056224,048526056224,baby_product,5622
B00ZWNUMX0,"Nuby 4-Pack Wash or Toss Stackable Trainer Cups, 7 Ounce, Colors May Vary",B00ZWNUMX0,0048526940295,048526940295,baby_product,94029
B00ZTOB6H8,Nuby Twistaball Teether Toy,B07H5QKGTS,0048526006830,048526006830,baby_product,683
B00ZTOB4WK,"Nuby 4-Pack Stackable Printed Wash or Toss Bowls with Lids, 10 Ounce, Styles May Vary",B00ZTOB4WK,0048526940431,048526940431,baby_product,94043
B00ZTOB4E8,"Nuby 3-Pack Stackable Printed Wash or Toss Straw Cups, 10 Ounce, Styles May Vary",B06ZZNNG3F,0048526940424,048526940424,baby_product,94042
B00ZTOB4CA,Nuby 4-Pack Stackable Wash or Toss Straw Cups,B01B58L7UM,0048526912001,048526912001,baby_product,91200
B00ZTOB4BG,"Nuby 4-Pack Wash or Toss Cups with Spout, Colors May Vary",B00ZTOB4BG,0048526911240,048526911240,baby_product,91124
B00ZTOB3ZI,"Nuby Rattle Pals Teether, Styles May Vary",B01AIYQ20E,0048526006861,048526006861,baby_product,686
B00ZTOAWU0,"Nuby 4-Pack Stackable Printed Wash or Toss Snack Cups, 4 Ounce, Styles May Vary",B00ZTOAWU0,0048526940448,048526940448,baby_product,94044
B00ZTOAW50,"Nuby 3-Pack Printed Wash or Toss Spout Cups, Styles May Vary",B00ZTOAW50,0048526926091,048526926091,baby_product,92609
B00ZTOAV0G,Nuby 50-Piece Diaper Sacks,B07KMVVSKR,0048526070466,048526070466,baby_product,7046
B00S2V43YS,"Nuby Spin N' Teethe Teether, Colors May Vary",B07H4YWBJW,0048526006649,048526006649,baby_product,664
B00EO8DM7C,"Nuby No-Spill Easy Grip Cup with Soft Flex Spout, 10 Ounce, Colors May Vary",B00U6QLD9U,0048526101290,048526101290,baby_product,10129
B00K0ZBJ6Y,"Nuby Two-Handle No-Spill Clik-It Cup, 10 Ounce / 300ml, Colors May Vary",B00UQUOASM,0048526101092,048526101092,baby_product,10128
B00RKPPZIU,Nuby IcyBite Soothing Ring Teether 2pk - Colors May Vary,B00RKPPZIU,0048526005093,048526005093,baby_product,509
B00M9ZQZMG,"Nuby 4-Piece Teether and Toy Gift Set, Styles May Vary",B00M9ZQZMG,0073240635318,048526927111,baby_product,92711
B00M9ZQZ3A,Nuby Bath Toy Gift Set,B00M9ZQZ3A,0075101918417,048526927074,baby_product,92707
B00O2VRUTW,"Nuby No-Spill Clik-It Cup with Flex Straw, 10 Ounce, Colors May Vary",B00U5D07WI,0048526101115,048526101115,baby_product,10130
B00NL1904W,"Nuby 2-Pack No-Spill Clik-It Cups with Flex Straw, 10 Ounce, Colors May Vary",B00U9U23VU,0885447098052,048526101344,baby_product,10134
B00N0SJSES,"Nuby No-Spill Clik-It Flip-It Straw Cup, 9 Ounce, Colors May Vary",B00U84SC1W,0048526101191,048526101191,baby_product,10119
B00HDODQBQ,"Nuby Insulated No-Spill Clik-It Cool Sipper, 9 Ounce, Colors May Vary",B00HDODQBQ,0048526100972,048526100972,baby_product,10097
B00HDODPI0,"Nuby 2-Pack No-Spill Easy Grip Clik-It Cups, 10 Ounce, Colors May Vary",B00HDODPI0,0048526101337,048526101337,baby_product,10133
B00HDODPDA,"Nuby No-Spill Insulated Clik-It Easy Sip Cup, 9 Ounce, Colors May Vary",B00HDODPDA,0048526100897,048526100897,baby_product,10089
B00HDODOJK,"Nuby No-Spill Insulated Sipper with Spout, Children’s Sippy Cup, 9 Ounce, Colors May Vary",B01AX1VG1M,0048526100941,048526100941,baby_product,10094
B00HDODOGI,"Nuby 2-Pack No-Spill Clik-It Cup with Spout, 10 Ounce, Colors May Vary",B00U8BN1SO,0885447325837,048526101320,baby_product,10132
B00KFP6NHO,Nuby Garden Fresh Fruitsicle Frozen Pop Tray,B07DW1MHZ2,0048526054381,048526054381,baby_product,5438
B00KFOWKWC,"Nuby Garden Fresh Freezer Tray with Lid, Colors May Vary",B00S78DGHG,0048526054343,048526054343,baby_product,5434
B00KFOKLOQ,"Nuby Garden Fresh Steam N' Mash Baby Food Prep Bowl and Food Masher, Colors May Vary",B00S77C03I,0798256251726,048526054497,baby_product,5449
B00KFKE5OM,"Nuby Garden Fresh Food Storage Freezer Pots with Tray, Colors May Vary",B00PI5MI2U,0048526054398,048526054398,baby_product,5439
B00KFJLG1S,"Nuby Garden Fresh Mash N' Feed Bowl with Spoon and Food Masher, Colors May Vary",B00QFZ0E00,0048526054350,048526054350,baby_product,5435
B00K7J0VLM,"Nuby Garden Fresh Nibbler Mesh Feeder with Hygienic Cover, Colors May Vary",B00SEZO3TC,0048526054503,048526054503,baby_product,5450
B00JKG4QKU,"Nuby Garden Fresh Silicone Squeeze Feeder with Spoon and Hygienic Cover, Colors May Vary",B00TREWKQW,0048526054510,048526054510,baby_product,5451
B00BSEIB62,Nuby Bath Toy Whale Sea Scooper,B00BSEIB62,0048526061372,048526061372,baby_product,6137
B00M4VCKXS,Nuby Juice Box Holder,B00V3YKWOQ,0048526054626,048526054626,baby_product,5462
B002NKN9R6,"Nuby Medi-Nurser Medicine Bottle, Colors May Vary",B073DF7J6Q,0048526241712,048526241712,baby_product,24171
B000BPPPM2,"Nuby No-Spill Gripper Cup, Sippy Cup for Baby and Toddler, 10 Ounce, Colors May Vary",B000BPPPM2,0048526096480,048526096480,baby_product,9648
B00IN8OIX6,"Nuby Two-Handle No-Spill Flip N' Sip Straw Cup, 8 Ounce, Red with Blue",B01FBP3QJA,0074748315764,048526925513,baby_product,92551
B00IN8OICC,"Nuby Two-Handle Flip N' Sip Straw Cup, 8 Ounce, Pink with Purple",B00U8PMK4Q,0048526925537,048526925537,baby_product,92553
B00IN8OIB8,"Nuby, Two-Handle Flip N' Sip Children’s 360 degree Straw Sippy Cup, 8 Ounce, Blue and Green",B07KSMZTFV,0048526925520,048526925520,baby_product,92552
B00IN8OI72,"Nuby Two-Handle Flip N' Sip Straw Cup, 8 Ounce, Green with Pink",B00U8PMKAA,0048526925544,048526925544,baby_product,92554
B00IN8OJ44,"Nuby 2-Pack No-Spill Super Spout Easy Grip Cup, 10 Ounce, Red and Blue",B00BI2VEHW,0885256751667,885256751667,baby_product,92546
B00IN8OI5E,"Nuby 2-Pack No-Spill Cup with Flex-Straw, 10 Ounce, Red and Blue",B00IN8OI5E,0048526925667,048526925667,baby_product,92566
B00IN8OI4A,"Nuby 2-Pack No-Spill Super Spout Grip N' Sip Cup, Red and Blue",B00NQG56NG,0048526925445,048526925445,baby_product,92544
B00IN8OHAA,"Nuby 2-Pack Two-Handle No-Spill Super Spout Grip N' Sip Cups, 8 Ounce, Pink and Purple",B06XBQKZNW,0048526925452,048526925452,baby_product,92545
B00IN8OJU8,"Nuby Silicone Teethe-eez Teether with Bristles, Includes Hygienic Case, Aqua",B00OD4KX3I,0885581523007,048526925650,baby_product,92565
B00IN8OJ58,"Nuby Silicone Teethe-eez Teether with Bristles, Includes Hygienic Case, Pink",B00OD4KX3I,0048526925636,048526925636,baby_product,92563
B00IN8OJ30,"Nuby Silicone Teethe-eez Teether with Bristles, Includes Hygienic Case, Blue",B00OD4KX3I,0700621413110,048526925643,baby_product,92564
B00IN8OIZY,"Nuby 2-Pack No-Spill Super Spout Easy Grip Cup, 10 Ounce, Pink and Purple",B00BI2VEHW,0700621413264,048526925476,baby_product,92547
B00IN8OH9G,"Nuby No-Spill Cup with Flex Straw, 10 Ounce, Pink and Purple",B00IN8OH9G,0048526925674,048526925674,baby_product,92567
B0087XPEKI,"Nuby Stackable Suction Bowl with Lid (Pack of 3, Multi-Coloured)",B0087XPEKI,0048526053681,048526053681,baby_product,5368
B00GEF7QSE,Nuby Bath Animals and Splash N' Catch Set,B00GEF7QSE,0885620469419,048526061631,baby_product,6163
B00FXPSEXM,"Nuby 2-Pack Good Nite Glow in the Dark Orthodontic Pacifiers, Colors May Vary",B00G6HNS7I,0048526057795,048526057795,baby_product,5779SOS
B00FXPSDSI,"Nuby 2-Pack Orthodontic Nite Time Glow in the Dark Pacifier, Colors May Vary",B00G6HNS7I,0048526988013,048526988013,baby_product,5779MOS
B00FXPSEZ0,"Nuby Teethe and Shake Rattle Teether, Colors May Vary",B00WHCKP6I,0048526006410,048526006410,baby_product,641
B00FXPSDRY,"Nuby 3-Pack Easy Go Spoons and Travel Case, Colors May Vary",B00FXPSDRY,0048526053414,048526053414,baby_product,5341
B00FXPSDNS,"Nuby 2-in-1 Bottle and Nipple Cleaning Brush with Suction Base, Colors May Vary",B00PBHZITA,0048526055388,048526055388,baby_product,5538
B00FXPSDNI,"Nuby Under the Sea Teether, Styles May Vary",B07CRWC2PS,0048526006403,048526006403,baby_product,640
B00EI7DI6O,"Nuby Formula Powder Dispenser, Colors May Vary",B00EI7DI6O,0048526053407,048526053407,baby_product,5340
B00B76T2VO,"Nuby 2-Pack Pacifiers with Massaging Bristles, Colors May Vary",B00EOEYLDA,0048526986484,048526986484,baby_product,5740SOS
B008ES98MQ,"Nuby 2-Pack Comfort Orthodontic Pacifier, Colors May Vary",B00EOEYLDA,0048526986491,048526986491,baby_product,5740MOS
B00ESXTNQ2,"Nuby IcyBite Teether, Styles May Vary",B00EZ1LR9I,0048526006472,048526006472,baby_product,647
B00ESXTNP8,"Nuby IcyBite Fruit Shaped Teether, Colors May Vary",B00EZ1LR9I,0048526006519,048526006519,baby_product,651
B00EOO439W,"Nuby 2-Pack Bottle and Nipple Brush with Sponge Tip, Colors May Vary",B00UW9D0F6,0048526055517,048526055517,baby_product,5551
B00EI7DHSS,"Nuby Brush and Comb Set, Colors May Vary",B00WFHT37M,0048526007448,048526007448,baby_product,744
B00EI7DI5U,"Nuby, Baby Bottle and Nipple Brush with Sponge Tip and Hook Base, Colors May Vary",B00EI7DI5U,0048526055401,048526055401,baby_product,5540
B00EI7DHQK,"Nuby Chewbies Silicone Teether, Colors May Vary",B07BY64658,0048526006427,048526006427,baby_product,642
B00DIH3XNS,"Nuby 2-Pack Gum-eez Pacifier Teethers, Colors May Vary",B01MAZC5S4,0885620463929,048526006137,baby_product,613
B00CQUH532,"Nuby Bath Time Clock and Thermometer, Styles May Vary",B00CQUH532,0048526061396,048526061396,baby_product,6139
B004T4NO56,"Nuby No-Spill Cup with Flex Straw, 10 Ounce, Colors May Vary",B017CKGL8U,0048526098972,048526098972,baby_product,9897
B002GAY07Q,Nuby 4-Pack Hot Safe Feeding Spoons,B00X36MXX0,0048526052783,048526052783,baby_product,5278
B00A94BPS8,"Nuby No-Spill Flower Child Cup, 11 Ounce",B00R1Z5OBW,0048526220656,048526220656,baby_product,22065
B008RXZ90I,"Nuby Two-Handle No-Spill Flower Child Cup with Super Spout, 7 Ounce",B008RXZ90I,0048526220601,048526220601,baby_product,22060
B009ICN71K,Nuby Wacky Teething Ring,B0716Z3KW3,5696348907900,048526006328,baby_product,632
B009ICN7A6,"Nuby No-Spill iMonster Gripper Cup, 11 Ounce",B00JNXF5N2,0048526220458,048526220458,baby_product,22045
B0094AZ9WG,"Nuby Silicone Nipples, Medium Flow, 3-Count (Discontinued by Manufacturer)",B0095BZ0S2,0048526009671,048526009671,baby_product,967
B0094AZ9VC,Nuby 3-Pack Standard Neck Fast Flow Nipples,B0095BZ0S2,0048526009688,048526009688,baby_product,968
B008RXWCT4,"Nuby Two-Handle iMonster No-Spill Super Spout Cup, 7 Ounce",B07N7T5MXT,0048526220403,048526220403,baby_product,22040
B008W6KTS2,Nuby Ring O' Keys Teether,B008W6KTS2,0048526065844,048526065844,baby_product,6584
B0094AZ9VM,"Nuby Splash n' Catch Bath Time Fishing Set, Includes Four Link Toys",B0094AZ9VM,0048526061426,048526061426,baby_product,6142
B008FONS7A,"Nuby Nibbler with Travel Cover, Colors May Vary",B07CS1C32L,0048526053971,048526053971,baby_product,5397
B008B9166Y,"Nuby 2-Pack Flip-It Easy Grip Cups with Easy-Flo Straw, 10 Ounce, Colors May Vary",B00BI2VQV6,0884651629403,048526100538,baby_product,10053
B0081C9UPA,Nuby Flower Child Snack Keeper,B00U8X1FK8,0048526220250,048526220250,baby_product,220250
B0081C9UOQ,Nuby 3-D Monster Snack Keeper,B07G2CMK9J,0048526220007,048526220007,baby_product,22000
B0081C9UO6,Nuby 5-Piece Splish Splash Bath Time Stacking Cups,B07CP23DBY,0048526061525,048526061525,baby_product,6152
B0095BZ0S2,Nuby 3 Count Silicone Nipples,B0095BZ0S2,UNKNOWN,UNKNOWN,baby_product,UNKNOWN
B0090E2L40,Nuby 3D Non Skid Plate,B0090E2L40,UNKNOWN,UNKNOWN,baby_product,UNKNOWN
B0083SXABC,Nuby iMonster Toddler Bowl,B008BKTU2K,0048526220304,048526220304,baby_product,22030
B008W6KTJG,Nuby Flower Child Toddler Plate,B0090E2L40,0048526220052,048526220052,baby_product,22025
B008W6KTH8,Nuby iMonster Non-Skid Toddler Plate,B0090E2L40,0048526220205,048526220205,baby_product,22020
B0087IWPQ4,"Nuby Tear-Free Rinse Pail, Colors May Vary",B00BI2VJUE,0048526061389,048526061389,baby_product,6138
B0083SXALM,Nuby Squid Squirter Bath Time Toy,B008BKTTXU,0048526061464,048526061464,baby_product,6146
B0083SXA8U,Nuby Flower Child Toddler Bowl,B008BKTU2K,0048526220359,048526220359,baby_product,22035
B0083SXA76,Nuby iMonster Spoon and Fork Set,B008BKTU6G,0048526220106,048526220106,baby_product,22010
B0083SXA6M,Nuby Flower Child Spoon and Fork Set,B008BKTU6G,0048526220120,048526220120,baby_product,22012
B0083SXA62,Nuby Floating Turtle Bath Toy,B008BKTTXU,0048526061457,048526061457,baby_product,6145
B008FONSTS,"Nuby No-Spill Grip N' Sip Cup with Super Straw, 8 Ounce, Colors May Vary",B00WDXD57C,0048526099337,048526099337,baby_product,9933
B008FONSQG,Nuby 2-Pack Oral Massager and Toothbrush,B01LW3PAR2,0048526007585,048526007585,baby_product,758
B008FONS7U,"Nuby Baby Care Nail Clippers, Colors May Vary",B00U4K5XDU,0048526002221,048526002221,baby_product,222
B008B916E6,"Nuby 2 Count Super Straw Easy Gripper, 10 Ounce (Discontinued by Manufacturer)",B00C4VA490,0048526100552,048526100552,baby_product,10055
B008K4GMOQ,"Nuby Baby Care Stainless Steel Scissors, Colors May Vary",B008K4GMOQ,0048526002412,048526002412,baby_product,241
B008K4GMOG,Nuby 16-Piece Floating Foam Bath Animals Set,B00UE3IL72,0048526061532,048526061532,baby_product,6153
B008E53ULO,"Nuby 3-Pack 3-Step Grow with Me Cup Combo, 9-12 Ounce, Colors May Vary",B00XALV77Q,0048526099917,048526099917,baby_product,9991
B008E53ULE,"Nuby 2 Piece 2 Handle Straw Cup, 8 Ounce (Discontinued by Manufacturer)",B008E53ULE,0048526098941,048526098941,baby_product,9894
B008E53UJG,"Nuby 6-Pack Embossed Bowls, Colors May Vary (Discontinued by Manufacturer)",B008E53UJG,0048526656677,048526656677,baby_product,65667
B008B917C2,"Nuby, Non-Skid Comfort Grip Baby Food Plastic Feeding Bowl with Lid and Spoon, Colors May Vary",B07BM727GF,0048526054138,048526054138,baby_product,5413
B008B915K6,"Nuby Easy Go Section Bowl with Snap-In Spoon, Colors May Vary",B074QTTN7F,0696750026805,048526054114,baby_product,5411
B008FONS70,"Nuby Look-At-Me Mirror Teether Toy, Colors May Vary",B07CH2GYXK,0696734193134,048526065837,baby_product,6583
B008FONS5W,Nuby Charms Teething Ring,B008FONS5W,0885129624920,048526006274,baby_product,627
B008BKTU6G,Nuby Spoon and Fork Set,B008BKTU6G,UNKNOWN,UNKNOWN,baby_product,UNKNOWN
B008BKTU2K,Nuby Feeding Bowl,B008BKTU2K,UNKNOWN,UNKNOWN,baby_product,UNKNOWN
B008BKTTXU,Nuby Bath Tub Toy,B008BKTTXU,UNKNOWN,UNKNOWN,baby_product,UNKNOWN
B00669SVDW,"Nuby 3 Piece Nibbler with 3 Replacement Nets, Colors May Vary (Discontinued by Manufacturer)",B00669SVDW,0048526053698,048526053698,baby_product,5369
B00792RG1S,"Nuby 2-Pack Two-Handle No-Spill Super Spout Grip N' Sip Cup, 8 Ounce, Colors May Vary",B00BI2W0ZC,0885155193742,048526100569,baby_product,10056
B006PAUPVS,"Nuby Two-Handle No-Spill Super Spout Grip N' Sip Cup, 8 Ounce, Colors May Vary",B00KH9M444,0885392202696,048526100491,baby_product,10049
B006Q61X9Y,Nuby 6 Piece Children's Hangers,B006Q61X9Y,UNKNOWN,UNKNOWN,baby_product,UNKNOWN
B006PAUPYK,"Nuby 6-Pack Children's Hangers, White",B006Q61X9Y,0048526001408,048526001408,baby_product,92402
B006PAUPVI,"Nuby 6-Pack Children's Hangers, Pink",B006Q61X9Y,0048526924035,048526924035,baby_product,92403
B006PAUPV8,"Nuby 6-Pack Children's Hangers, Blue",B006Q61X9Y,0048526924042,048526924042,baby_product,92404
B005LETP1A,"Nuby Silicone Teethe-eez Teether with Bristles, Includes Hygienic Case, Colors May Vary",B00OD4KX3I,0048526006205,048526006205,baby_product,620
B005LETPQA,"Nuby 2-Pack Easy Clean Bottle Brush with Suction Base, Colors May Vary (Discontinued by Manufacturer)",B00T5CXZA6,0048526055340,048526055340,baby_product,5534
B005LETPHY,"Nuby Easy Clean Bottle Brush with Suction Base, Colors May Vary (Discontinued by Manufacturer)",B005LETPHY,0048526055241,048526055241,baby_product,5524
B005LETPB0,"Nuby Easy Clean Soap Dispensing Bottle Brush with Suction Base, Colors May Vary",B005LETPB0,0048526055258,048526055258,baby_product,5525
B005LETP8S,"Nuby 2 Pack Gum-Eez First Teether, Colors May Vary (Discontinued by Manufacturer)",B005LETP8S,0048526679256,048526679256,baby_product,67925
B005LETP5G,"Nuby IcyBite Hand Teether, Colors May Vary",B07CNT3JJH,0048526006212,048526006212,baby_product,621
B005LETOSY,"Nuby Easy Go Bowl with Snap-In Fork and Spoon, Colors May Vary",B005LETOSY,0048526054107,048526054107,baby_product,5410
B005LETO2A,"Nuby No-Spill Flip-It Cup, 10 Ounce, Colors May Vary",B005LETO2A,0048526099474,048526099474,baby_product,9947
B005LETNW6,"Nuby 2-Pack No-Spill Flip-It Cups, 10 Ounce, Colors May Vary",B00BI2W31S,0885183248421,048526099429,baby_product,9942
B00558UUO8,"Nuby Flip-It Top Gator Grip Sipper, 15 Ounce, Colors May Vary",B0773DVV6W,0048526012756,048526012756,baby_product,1275
B004VISYIC,"Nuby Gator Grip Pop-Up Sipper, 15 Ounce, Colors May Vary",B01BH5PGGO,0885648351420,048526012701,baby_product,1270
B004SLDGTE,"Nuby Easy Go Suction Bowl with Lid and Snap-In Spoon, Colors May Vary",B00BZ9YH68,0048526054190,048526054190,baby_product,5419
B004SLDGGC,"Nuby 2-Pack Snack Keepers, Colors May Vary",B07BXPB7NV,0048526054183,048526054183,baby_product,5418
B004SLDG2G,"Nuby Snack Keeper, Colors May Vary",B07C7SCR7G,0048526054091,048526054091,baby_product,5409
B004S8MDOQ,"Nuby 4-Pack Fun Drinking Tumblers, 9 Ounce, Colors May Vary",B06XRKYQFY,0048526656622,048526656622,baby_product,65662
B003RD2HJE,"Nuby Super Spout Easy Gripper Cup, 10 Ounce, Colors May Vary (Discontinued by Manufacturer)",B003RD2HJE,0048526098453,048526099030,baby_product,9903
B004PYD2OI,Nuby Infant Nail Clipper,B07KFRRDS6,0048526001767,048526001767,baby_product,176
B004PYCYME,"Nuby 4-Pack Diaper Pins, Colors May Vary",B004PYCYME,0048526001293,048526001293,baby_product,129
B004GE8J54,"Nuby 2-Pack Nibbler with Cap, Colors May Vary",B004GE8J54,0048526053650,048526053650,baby_product,5365
B004C6C4HA,Nuby 2-Pack Super Spout Standard Top Replacements,B00M0D0Z3W,0048526099559,048526099559,baby_product,9955
B000MQSJQO,"Nuby 2 Pack Soft Sipper Replacement Spout, Clear (Discontinued by Manufacturer) (Discontinued by Manufacturer)",B000MQSJQO,0048526015368,048526015368,baby_product,1536
B004PYCYRY,"Nuby Nibbler with Cap, Colors May Vary",B004PYCYRY,0048526053643,048526053643,baby_product,5364
B004PYCXM0,"Nuby 2 Pack Classic Oval Pacifier, 12+ Months (Discontinued by Manufacturer)",B004PYCWPS,0048526985944,048526985944,baby_product,5721LFS
B004PYCWOE,"Nuby 2-Pack Pastels Classic Oval Pacifier, Blue/Yellow",B004PYCWPS,0048526057214,048526057214,baby_product,5721MFS
B004PYCWLM,"Nuby 3 Pack Clear Feeding Bottles, 8 Ounce, Colors May Vary",B004PYCWN0,0048526011551,048526011551,baby_product,1155
B004PYCWK8,"Nuby 3 Pack Clear Feeding Bottles, 4 Ounce, Colors May Vary",B004PYCWN0,0048526011544,048526011544,baby_product,1154
B004E49M4I,"Nuby 2-Pack No-Spill Cups with Dual-Flo Valve, 9 Ounce, Colors May Vary",B00O72Q9X4,0048526008278,048526008278,baby_product,827
B004C65U0S,"Nuby Natural Touch Gum-eez First Teether, Colors May Vary",B07CL2D4JW,0048526679188,048526679188,baby_product,67918
B003YP206A,"Nuby Coolbite Fun Pal Teether, Colors May Vary (Discontinued by Manufacturer)",B003YP206A,0048526006021,048526006021,baby_product,602
B003AZZON0,"Nuby Natural Touch SoftFlex Silicone Weaning Spoon, Colors May Vary",B00VCME268,0048526676583,048526676583,baby_product,67658
B000RH509W,Nuby 2 Pack Bottle and Nipple Brush,B000RH509W,0048526055111,048526055111,baby_product,5511
B000RFFE2M,Nuby 4-Pack Standard Neck Fast Flow Nipples,B013VO27RU,0048526000074,048526000074,baby_product,007C
B000MQQRXG,Nuby 2-Pack Three Flow Standard Neck Nipples,B00T6T13MU,0048526000241,048526000241,baby_product,0024
B004PYCWPS,Nuby 2 Pack Classic Oval Pacifier,B004PYCWPS,UNKNOWN,UNKNOWN,baby_product,048526057214 PARNET
B004PYCWN0,Nuby 3 Pack Clear Feeding Bottles,B004PYCWN0,UNKNOWN,UNKNOWN,baby_product,048526011544 PARENT
B000JVVTIM,"Nuby Complete Nursery Care Medical Kit for Healthy Baby - Small 7-Piece, Colors May Vary",B008YNLHLG,0048526007196,048526007196,baby_product,719
B003UG81XE,"Nuby Brites Butterfly Shield Pacifier, 0-6 Months (Discontinued by Manufacturer)",B003UG81XE,0048526057078,048526057078,baby_product,5707MFS
B003WE9KH0,Nuby 9 oz Insulated No-Spill Flip It (Discontinued by Manufacturer),B00WLE8KZK,0048526096091,048526096091,baby_product,9609
B003WE9IKY,"Nuby 2-Pack Prism Orthodontic Pacifiers, Colors May Vary",B003WE9IMC,0048526985647,048526985647,baby_product,5705SOS
B003WE9IJA,"Nuby 2-Pack Brites Orthodontic Pacifiers, Colors May Vary",B003WE9IJK,0048526985463,048526985463,baby_product,5708LOS
B003WE9IHW,"Nuby Brites Ortho Shield Pacifier, 0-6 Months (Discontinued by Manufacturer)",B003WE9IJK,0048526057085,048526057085,baby_product,5708MOS
B003WE9IE0,"Nuby Brites Butterfly Shield Pacifier, 6 Months",B003WE9IFE,0048526985456,048526985456,baby_product,5707LFS
B0039CQKPA,"Nuby Pacifinder, Colors May Vary",B00GBCNJEU,0048526001804,048526001804,baby_product,180
B001FL42VG,"Nuby No-Spill Flip-It Cup with Kwik-Flo Valve, 14 Ounce, Colors May Vary",B001FL42VG,0048526008353,048526008353,baby_product,835
B000JVTP7E,Nuby Fun Keys Teether Ring,B000JVTP7E,0048526004775,048526004775,baby_product,477
B003WE9KK2,Nuby 14 oz 2-Pack No Spill Flex Straw Cup,B003WE9KK2,0048526098873,048526098873,baby_product,9887
B003WE9IMC,Nuby 2-Pack Prism Orthodontic Pacifiers,B003WE9IMC,UNKNOWN,UNKNOWN,baby_product,5705SOS-PARENT
B003WE9IJK,Nuby Brites Ortho Shield Pacifier,B003WE9IJK,UNKNOWN,UNKNOWN,baby_product,5708MOS-PARENT
B003WE9IFE,Nuby Brites Butterfly Shield Pacifier,B003WE9IFE,UNKNOWN,UNKNOWN,baby_product,5707LFS-PARENT
B003RB87HC,Nuby 14 oz No Spill Flex Straw Cup,B003RB87HC,0048526098835,048526098835,baby_product,9883
B003NA76QU,"Nuby 2-Pack Prism Orthodontic Pacifiers, Colors May Vary",B003WE9IMC,0048526057054,048526057054,baby_product,5705MOS
B003N9W5KS,"Nuby 2-Pack Prism Orthodontic Pacifiers, 12 Months",B003WE9IMC,0048526985449,048526985449,baby_product,5705LOS
B003N9G7AM,"Nuby IcyBite Soother Ring Teether, Colors May Vary",B07KPNZWF6,0048526006014,048526006014,baby_product,601
B003N49ML8,"Nuby 2-Pack No-Spill Cup with Flex Straw, 10 Ounce, Colors May Vary",B07C2ZY25J,UNKNOWN,048526098866,baby_product,9886
B003N3MK1S,Nuby Electric Flex Breast Pump,B003N3MK1S,0048526677016,048526677016,baby_product,67701
B003GL0WGC,Nuby Natural Touch Softees Soft Silicone Teether,B003GL0WGC,0048526679096,048526679096,baby_product,67909
B003GDCCWC,Nuby Natural Touch 4-Pack Store N' Feed Breastmilk Storage Containers (Discontinued by Manufacturer),B003GDCCWC,0048526676712,048526676712,baby_product,67671
B003DCZNZ4,"Nuby No-Spill Insulated Cool Sipper, 9 Ounce, Colors May Vary",B06W2LM92W,0048526099535,048526099535,baby_product,9953
B003DCTLWK,"Nuby Cloth Pacifinders with Plastic Clip, Colors May Vary.",B00TQA4LMS,0048526057061,048526057061,baby_product,5706
B003D8HH0W,"Nuby 2-Pack No-Spill Easy Grip Cup with Super Spout, 10 Ounce, Colors May Vary",B00BI2VEHW,8852042584985,048526098859,baby_product,9885
B003D7XL5S,Nuby Natural Touch Breast Express Breast Pump (Discontinued by Manufacturer),B003D7XL5S,0048526676590,048526676590,baby_product,67659
B0037LQDJG,Nuby 8 oz No Spill Convert-A-Cup,B00BZ9YK92,0048526098958,048526098958,baby_product,9895
B0037LLGD4,"Nuby 2-Pack Two-Handle No-Spill Super Spout Grip N' Sip Cups, 8 Ounce, Colors May Vary",B00DUCP93S,0048526098880,048526098880,baby_product,9888
B0037LJAL4,Nuby 4-Pack Hot Safe Spoons,B00BI2VZBW,4473869370649,048526053803,baby_product,5380
B002S3EJLS,"Nuby Brush and Comb Set, Colors May Vary",B002S3EJLS,0048526007110,048526007110,baby_product,711
B000WMV0XW,"Nuby 2-Pack Nibbler Mesh Feeders, Colors May Vary",B07DQLTJ77,5334999522577,048526053612,baby_product,5361
B000RH8RN8,"Nuby Deluxe Infant Comb and Brush Set, Colors May Vary",B00UKQGHD8,0048526007127,048526007127,baby_product,712
B000JVXUPM,"Nuby Small 6-Piece Medical Kit for Healthy Baby, Infant, Child, Nursery Care, Colors May Vary",B07BZBSHW3,0048526241705,048526241705,baby_product,24170
B001IUTYXU,"Nuby 10-Pack Hangers, Colors May Vary",B07BRQ1QV8,0696750789281,048526001286,baby_product,128
B00005C6CJ,Nuby Keepsake Printed Birth Pillow (Discontinued by Manufacturer),B00005C6CJ,0039175034503,039175034503,baby_product,3450
B003724SSI,"Nuby Precious Moments Clear Rounded Printed Bottle, 4 Ounce, Colors May Vary",B00U8DUXX8,0048526030170,048526030170,baby_product,3017
B003724SRO,"Nuby Precious Moments Printed Bottle, 8 Ounce (Discontinued by Manufacturer)",B003724SRO,0048526030163,048526030163,baby_product,3016
B002WOP2IW,"Nuby Natural Touch Softees Teether, Colors May Vary (Discontinued by Manufacturer)",B003724PRW,0048526679072,048526679072,baby_product,67907
B002FY0DW4,Natural Touch Softees Super Soft Teether - Large,B003724PRW,0048526679065,048526679065,baby_product,67906
B001UK7EJY,Nuby 3-Pack Nibbler Replacement Nets,B00YYCEUWO,0485260536290,048526053629,baby_product,5362
B000MQUEBM,"Nuby Nasal Aspirator and Ear Syringe Set, Colors May Vary",B000MQUEBM,0048526001729,048526001729,baby_product,172
B002G9R0C4,"Natural Touch Printed Tinted Bottle, 8 Ounce (Discontinued by Manufacturer)",B003724RSE,0048526680139,048526680139,baby_product,68013
B002G9MZH4,"Nuby Natural Touch SoftFlex Natural Nurser, 10 Ounce, Colors May Vary",B003724RSE,0048526680153,048526680153,baby_product,68015
B002FXOTJ8,"Natural Touch Flip-It Straw Cup, 10 Ounce",B002FXOTJ8,0048526690060,048526690060,baby_product,69006
B002FXIY9O,"Natural Touch Sport Sipper, 8 Ounce, Colors May Vary",B002FXIY9O,0048526680245,048526680245,baby_product,68024
B001JIL5OM,"Nuby Precious Moments Printed Comb and Brush, Colors May Vary (Discontinued by Manufacturer)",B001JIL5OM,0048526035014,048526035014,baby_product,3501
B001GWL6QS,"Natural Touch Silicone Bottle Slow Flow, 5 Ounce (Discontinued by Manufacturer)",B001GWL6QS,0048526670161,048526670161,baby_product,67016
B001FB6NEA,"Nuby Natural Touch Silicone Bottle Medium Flow, 7 Ounce",B001FB6NEA,0048526670178,048526670178,baby_product,67017
B000RK1HQO,Nuby Barbell Teether Toy (Discontinued by Manufacturer),B000RK1HQO,0048526004768,048526004768,baby_product,476
B000MQQR9U,"Nuby 3-Stage Easy Grip Feeding System, 10 Ounce, Colors May Vary",B0148UL6K0,0048526043729,048526043729,baby_product,4372
B003724RSE,Natural Touch Printed Tinted Bottle,B003724RSE,UNKNOWN,UNKNOWN,baby_product,UL68013PARENT
B003724PVS,Natural Touch Silicone Bottle,B003724PVS,UNKNOWN,UNKNOWN,baby_product,UL67016PARENT
B003724PRW,Natural Touch Softeens Super Soft Teether,B003724PRW,UNKNOWN,UNKNOWN,baby_product,UL67906 PARENT
B0027A70QI,"Nuby 2-Pack Fun Feeding Section Plate, Colors May Vary",B07G2RGWQW,0048526656431,048526656431,baby_product,65643
B000RHB4V0,"Nuby Spoons and Forks , Colors May Vary, 4 Count",B07GZ1J35H,0048526052516,048526052516,baby_product,5251
B002UCVZWS,"Nuby 4-Pack Embossed Bowls, Colors May Vary",B00PBFYL6I,0048526656400,048526656400,baby_product,65640
B002UCKUYM,"Nuby 4 Pack Embossed Round Flat Plate, Colors May Vary (Discontinued by Manufacturer)",B00V2Q0Z24,0048526656417,048526656417,baby_product,65641
B000MQSJG4,"Nuby Toilet Trainer Seat, Colors May Vary",B000MQSJG4,0048526004126,048526004126,baby_product,412
B000JVXUF2,"Nuby Wash or Toss Bowls with Lids, 8 Ounce, Colors May Vary (Pack of 6)",B000JVXUF2,0048526911646,048526911646,baby_product,91164
B000BPPPL8,"Nuby 2 Pack Insulated No Spill Straw Cup, 9 Ounce, Colors May Vary (Discontinued by Manufacturer)",B000BPPPL8,0048526096015,048526096015,baby_product,9601
B002ZRPJRK,Nuby 8-Pack Play Links,B07CK5J88D,0048526060948,048526060948,baby_product,6094
B002WPQ2B2,"Nuby Belly Buddy Teether Toy, Characters Vary (Discontinued by Manufacturer)",B002WPQ2B2,0048526004928,048526004928,baby_product,492
B002FXQLSK,"Nuby Natural Touch Silicone Travel Infa Feeder, 3 Ounce, Colors May Vary",B00I1G4YMA,0048526676484,048526015634,baby_product,67648
B001G0BK2K,"Nuby 6 Pack Reusable Cups with Lids, 10 Ounce, Colors May Vary (Discontinued by Manufacturer)",B001G0BK2K,0048526911226,048526911226,baby_product,91122
B000JVVTI2,"Nuby Hugs and Tickles Plush Toy, Colors May Vary (Discontinued by Manufacturer)",B000JVVTI2,0048526061037,048526061037,baby_product,6103
B00005BYUX,"Nuby 9-Piece Fork and Spoon Travel Set, Colors May Vary",B00005BYUX,0048526052424,048526052424,baby_product,5242
B004V70HI8,Stride Sport Stroller Wisteria Lane (Discontinued by Manufacturer),B004V70HI8,0090014012687,090014012687,baby_product,67530MAC
B002ZRPQ4G,"Nuby 2 Pack Classic Oval Softflex Pacifier, 0-6 Months, Colors May Vary",B002ZRPQ4Q,0048526675326,048526675326,baby_product,67532MAF
B002ZRPQ3C,"Nuby Cherry Softflex Pacifier, 6 Months and Above, Colors May Vary (Discontinued by Manufacturer)",B002ZRPQ3M,0048526985364,048526985364,baby_product,67530LAC
B002ZRPJQQ,"Nuby Tropical Teethers Pals, Characters Vary",B002ZRPJQQ,0048526065660,048526065660,baby_product,6566
B002SHJI88,Nuby Booster Seat (Discontinued by Manufacturer),B002SHJI88,0048526097524,048526097524,baby_product,9752
B002RCOZFK,Nuby Nursery Rhyme Singing Plush Toy (Discontinued by Manufacturer),B002RCOZFK,0048526061280,048526061280,baby_product,6128
B002MGINYA,Nuby Fun Shine Mirror Toy (Discontinued by Manufacturer),B002MGINYA,0048526065707,048526065707,baby_product,6570
B002GDGET0,"Natural Touch 3 Stage Feeding System, 8 Ounce (Discontinued by Manufacturer)",B002GDGET0,0048526680184,048526680184,baby_product,68018
B002FY062Q,"Nuby 2 Pack Cherry Softflex Pacifier 6-12 Months, Colors May Vary (Discontinued by Manufacturer)",B002FY062Q,0048526675302,048526675302,baby_product,67530MAC
B002FXZS1Q,"Natural Touch Sport Sipper Straw Cup, 8 Ounce (Discontinued by Manufacturer)",B002FXZS1Q,0048526690077,048526690077,baby_product,69007
B002CGS65Q,Natural Touch Baby Bottle and Nipple Drying Rack (Discontinued by Manufacturer),B002CGS65Q,0048526676446,048526676446,baby_product,67644
B00290JYDI,"Nuby 2-Pack SoftFlex Orthodontic Pacifiers, Colors May Vary",B002ZRPQ46,0048526675319,048526675319,baby_product,67531MAO
B002909AK0,"Nuby 2 Pack Ortho Softflex Pacifier, 6 Months, Colors May Vary (Discontinued by Manufacturer)",B002ZRPQ46,0048526985371,048526985371,baby_product,67531LAO
B0028ZUOO2,"Nuby 2 Pack Classic Oval Softflex Pacifier, 6 Months, Colors May Vary",B002ZRPQ4Q,0048526985388,048526985388,baby_product,67532LAF
B001HSKOK0,"Nuby Ol Mcdonald's Farm Singing Toy, Characters Vary",B001HSKOK0,0048526061273,048526061273,baby_product,6127
B001FB6NG8,Nuby 2-Pack Natural Touch No-Spill Fast Flow Breast Size Nipple (Discontinued by Manufacturer),B002ZRPQ64,0048526676026,048526676026,baby_product,67602
B001FB6NFY,Nuby 2-Pack Natural Touch Medium Flow Breast Size Nipple,B001FB6NFY,0048526676019,048526676019,baby_product,67601
B001FB6NFO,Nuby 2-Pack Natural Touch No-Spill Slow Flow Breast Size Nipple,B002ZRPQ64,0048526676002,048526676002,baby_product,67600
B000RK1HQE,"Nuby Teether, Wiggle Worm (Discontinued by Manufacturer)",B000RK1HQE,0048526004751,048526004751,baby_product,475
B000JVZWY4,"Nuby Step Up Stool, Colors May Vary",B07BC262SP,0048526097500,048526097500,baby_product,9750
B000JVVTAU,"Nuby 8 Pack Terry Bibs, Colors May Vary (Discontinued by Manufacturer)",B000JVVTAU,0048526041374,048526041374,baby_product,4137
B002ZRPQ64,"Natural Touch No Spill Breast Size Nipple, 2 Pack",B002ZRPQ64,UNKNOWN,UNKNOWN,baby_product,67600P
B002ZRPQ4Q,"Nuby 2 Pack Classic Oval Softflex Pacifier, Colors May Vary",B002ZRPQ4Q,UNKNOWN,UNKNOWN,baby_product,67532MAFP
B002ZRPQ46,"Nuby 2 Pack Ortho Softflex Pacifier, Colors May Vary",B002ZRPQ46,UNKNOWN,UNKNOWN,baby_product,67531MAOP
B002ZRPQ3M,"Nuby 2 Pack Cherry Softflex Pacifier, Colors May Vary",B002ZRPQ3M,UNKNOWN,UNKNOWN,baby_product,67530LACP
B002USCHX8,"Nuby 3-Pack Non-Drip Tinted Bottles, 7 Ounce, Plus 1 No-Spill Spout, Colors May Vary",B002USCHXI,6824917249574,048526016211,baby_product,1621
B002USCHWY,"Nuby 3-Pack Tinted Bottles, 10 Ounce, Plus 1 No-Spill Spout, Colors May Vary",B07DVRZZ9Y,0885180572949,048526016204,baby_product,1620
B002USCHEW,"Nuby Bottle Nipple Brush, Colors May Vary (Discontinued by Manufacturer)",B002USCHEW,0048526055166,048526055166,baby_product,5516
B002HLK73A,Nuby Twista Teether Rattle (Discontinued by Manufacturer),B002HLK73A,5414959025000,048526005024,baby_product,502
B002GEZW3S,"Nuby 3 Pack Tinted Bottle, 4 Ounce, Colors May Vary (Discontinued by Manufacturer)",B002USCHY2,0048526014934,048526014934,baby_product,1493
B002GEZSQE,Nuby 2-Pack Printed Non-Drip Standard Drip Bottle,B002GEZSQE,UNKNOWN,048526011674,baby_product,1167
B002GEXA1E,"Nuby Printed Non-Drip Bottle, 8 Ounce, Colors May Vary",B00RYAE2FI,0048526011667,048526011667,baby_product,1166
B002GEW04W,"Nuby 3 Pack Tinted Bottle, 8 Ounce, Colors May Vary (Discontinued by Manufacturer)",B002USCHY2,0048526014941,048526014941,baby_product,1494
B002GEQE6W,"Nuby Standard Neck Tinted Bottle, 8 Ounce, Colors May Vary",B002GEQE6W,0048526011582,048526011582,baby_product,1158
B002GEJYSM,"Nuby Standard Neck Tinted Feeding Nurser, 4 Ounce, Colors May Vary",B002USCHWE,0048526011599,048526011599,baby_product,1159
B002G4XOPQ,"Nuby Insulated Magic Motion Cup, 11 Ounce, Colors May Vary (Discontinued by Manufacturer)",B002G4XOPQ,0048526096923,048526096923,baby_product,9692
B002G1RODM,"Nuby Printed Non-Drip Bottle, 4 Ounce, Colors May Vary",B002USCHVU,0048526011612,048526011612,baby_product,1161
B002G1M63A,"Nuby Standard Neck Tinted Bottle, 8 Ounce, Colors May Vary",B002USCHVU,0048526011605,048526011605,baby_product,1160
B0028PML7U,"Nuby 3 Pack Clear Printed Bottle, 4 Ounce, Colors May Vary (Discontinued by Manufacturer)",B0028PML7U,0048526011223,048526011223,baby_product,1122
B0028PIXA4,"Nuby 3 Pack Clear Printed Bottle, 8 Ounce, Colors May Vary (Discontinued by Manufacturer)",B0028PIXA4,0048526011230,048526011230,baby_product,1123
B001TBYNUW,"Nuby 3-Stage Standard Neck Bottle, 7 Ounce, Colors May Vary",B07D1XKHXC,0060183569589,048526011094,baby_product,1109
B001TBRMPA,"Nuby Non-Drip 3-Stage Grow Nurser, 11 Ounce, Colors May Vary",B07D1XKHXC,0048526011100,048526011100,baby_product,1110
B001D2WX5E,"Nuby Non-Drip Wide Neck Bottle, 10 Ounce, Colors May Vary - Pack of 1",B001D2WX5E,0048526011018,048526011018,baby_product,1101
B000MQSJ96,"Nuby Bottle Brush With Net Scrub, Colors May Vary (Discontinued by Manufacturer)",B00BIPQO4M,0048526055203,048526055203,baby_product,5520
B000MQQR7W,"Nuby Milk Powder Dispenser, Colors May Vary",B07BVZY5Z2,8940431050620,048526053056,baby_product,5305
B000KWOTSC,"Nuby No-Spill Cup with Dual-Flo Valve, Sippy Cup for Baby and Toddler, 9 Ounce, Colors May Vary",B07DWFTWYQ,0048526008841,048526008841,baby_product,884
B000JVTP38,"Nuby 3-Pack Non-Drip Standard Neck Bottles, 10 Ounce, Colors May Vary",B01BE45B2C,0048526016129,048526016129,baby_product,1612
B000JOT418,"Nuby 2 Pack Printed No Spill Cup, 9 Ounce, Colors May Vary (Discontinued by Manufacturer)",B000JOT418,0048526096251,048526096251,baby_product,9625
B000JOR1X6,Nuby 6-Pack Standard Neck Vari-Flo Non-Drip Silicone Nipples,B072Q5J1MZ,0048526009305,048526009305,baby_product,930
B000JBZ2OE,"Nuby Precious Moments Prayer Doll, Spanish, Characters May Vary (Discontinued by Manufacturer)",B002USCHYW,0048526033638,048526033638,baby_product,3363
B000J1OOJI,"Nuby Bug-A-Loop Teether, Colors May Vary",B00RKP8EQ0,0048526004782,048526004782,baby_product,478
B000BPPPLI,"Nuby 2 Pack Insulated Cup, 9 Ounce, Colors May Vary (Discontinued by Manufacturer)",B000BPPPLI,0048526096435,048526096435,baby_product,9643
B00067PIJA,"Nuby Bottle Drying Rack, Colors May Vary (Discontinued by Manufacturer)",B00067PIJA,0048526053032,048526053032,baby_product,5303
B002RIII48,"Nuby 2-Pack Nurtur Care Infa Feeder Set, 4 Ounce, Colors May Vary",B002RIII48,0885296536910,048526015603,baby_product,1560
B002G4HYMK,"Nuby No Spill Sports Sipper, 12 Ounce, Colors May Vary",B002USCHYC,0048526012138,048526012138,baby_product,1213
B0026KUG3S,"Nuby Two-Handle No-Spill Grip N' Sip Cup with Spout, 7 Ounce, Colors May Vary",B00U70P6XY,0048526098668,048526098668,baby_product,9866
B0019LLC9W,"Nuby 2-Pack No-Spill Easy Grip Cup, 10 Ounce, Colors May Vary",B00L18MXC8,0048526008919,048526008919,baby_product,891
B0018EHTH4,"Nuby Nibbler, Colors May Vary (Discontinued by Manufacturer)",B0018EHTH4,0048526053605,048526053605,baby_product,5360
B0018EFGGU,Nuby 2-Pack Replacement Silicone Spouts for Select Nuby Cups,B013E6IYRC,0048526096367,048526096367,baby_product,9636
B00138YI7Y,"Nuby No-Spill Sport Sipper, 10 Ounce Colors May Vary",B002USCHYC,0885481979164,048526752492,baby_product,75249
B0010TC9FO,"Nuby Flip-It Replacement Kit for Flip-It Cups, Colors May Vary",B0010TC9FO,0048526096060,048526096060,baby_product,9606
B000RJXWN6,"Nuby 4 Pack Snack Cup and Spoon Set, Colors May Vary, (Discontinued by Manufacturer)",B000RJXWN6,0048526053100,048526053100,baby_product,5310
B000LK6KOO,"Nuby No-Spill Flip-It Cup, 12 Ounce, Colors May Vary (Discontinued by Manufacturer)",B000LK6KOO,0048526096503,048526096503,baby_product,9650
B000KWOTY6,"Nuby Two-Handle No-Spill Grip N' Sip Cup with Soft Spout, 10 Ounce, Colors May Vary",B00BI2VW92,0048526096442,048526096442,baby_product,9644
B000KWJOP0,"Nuby 3 Pack Soft Edge Spoon, Colors May Vary (Discontinued by Manufacturer)",B000KWJOP0,0048526052738,048526052738,baby_product,5273
B000JVZWZ8,"Nuby Precious Moments Prayer Doll, English, Characters May Vary (Discontinued by Manufacturer)",B000JVZWZ8,0048526033614,048526033614,baby_product,3361
B000JVZWS0,"Nuby 2 Pack Bottle Brush With Sponge, Colors May Vary (Discontinued by Manufacturer)",B000JVZWS0,0048526055043,048526055043,baby_product,5504
B0001NE9F8,"Nuby No-Spill Easy Grip Cup, 10 Ounce, Colors May Vary",B0001NE9F8,0048526008902,048526008902,baby_product,890
B002USCHYW,"Nuby Precious Moments Prayer Doll, Characters Vary",B002USCHYW,UNKNOWN,UNKNOWN,baby_product,Nuby Precious Moments Doll PARENT
B002USCHYC,"Nuby No Spill Sports Sipper, Colors May Vary",B002USCHYC,UNKNOWN,UNKNOWN,baby_product,Nuby No Spill Sports Sipper PARENT
B002USCHY2,"Nuby 3 Pack Tinted Bottle, Colors May Vary",B002USCHY2,UNKNOWN,UNKNOWN,baby_product,Nuby Tinted BottleColorsMayPARENT
B002USCHXI,"Nuby 3 Pack Tinted Bottle, Colors May Vary",B002USCHXI,UNKNOWN,UNKNOWN,baby_product,Nuby TintedBabyBottle PARENT
B002USCHWE,"Nuby Tinted Bottle, Colors May Vary",B002USCHWE,UNKNOWN,UNKNOWN,baby_product,Nuby Tinted Bottle PARENT
B002USCHVU,Nuby Clear Printed Bottle with Silicone Nipple,B002USCHVU,UNKNOWN,UNKNOWN,baby_product,Nuby Clear Printed BottleNipple PARENT
B002UOC35Y,"Nuby 2 Handle Cup with Spout, 7 Ounce, Colors May Vary (Discontinued by Manufacturer)",B002UOC35Y,0048526098651,048526098651,baby_product,9865
B000Y2GY40,"Nuby Two-Handle Flip N' Sip Straw Cup, 8 Ounce, Colors May Vary",B019RC73GK,0048526098453,048526098453,baby_product,9845
